Driver id;Name;Gender
 1,00 ;Nakita Atherton;F
 2,00 ;Lynsey Clegg;F
 3,00 ;Rohit Meyer;M
 4,00 ;Gabriela Mathis;F
 5,00 ;Tomas Sanford;M
 6,00 ;Tamara Boyce;F
 7,00 ;Kairon Hart;M
 8,00 ;Nolan Perkins;M
 9,00 ;Lilly-Grace Donaldson;F
 10,00 ;Lainey Mendez;F
 11,00 ;Kurt Bloom;M
 12,00 ;Kane Mckay;M
 13,00 ;Humza Blackwell;M
 14,00 ;Saul Drummond;M
 15,00 ;Ezra Mejia;M
 16,00 ;Benny Rogers;M
 17,00 ;Mylah Kim;F
 18,00 ;Kinga Leech;M
 19,00 ;Gregory Frank;M
 20,00 ;Darryl Denton;M
 21,00 ;Natasha Acevedo;F
 22,00 ;Angelo Castillo;M
 23,00 ;Clyde Pike;M
 24,00 ;Thiago Pitts;M
 25,00 ;Jason Mcdonnell;M
 26,00 ;Gabriel Ellis;F
 27,00 ;Aston Hooper;M
 28,00 ;Devon Lyon;M
 29,00 ;Sahil O'Connor;M
 30,00 ;Reagan Mcnally;F
 31,00 ;Lyle Greenaway;M
 32,00 ;Bartlomiej Acosta;M
 33,00 ;Shannan Carrillo;F
 34,00 ;Ammar O'Gallagher;M
 35,00 ;Diana Bryan;F
 36,00 ;Cosmo Dalton;M
 37,00 ;Michele Rowland;F
 38,00 ;Lennox Rivera;M
 39,00 ;Benas Rossi;M
 40,00 ;Leja Woods;F
 41,00 ;Manveer Holding;M
 42,00 ;Reem Worthington;F
 43,00 ;Jemimah Whitfield;F
 44,00 ;Kane Gunn;M
 45,00 ;Monty Lutz;M
 46,00 ;Derren Bouvet;F
 47,00 ;Duke Hough;M
 48,00 ;Yasmeen Adkins;F
 49,00 ;Jarvis Fulton;M
 50,00 ;Travis Dunlop;M
 51,00 ;Rowan Amos;F
 52,00 ;Etienne Schroeder;M
 53,00 ;Carmel Iles;F
 54,00 ;Ruari Flower;M
 55,00 ;Anjali Herman;F
 56,00 ;Abby Battle;F
 57,00 ;Aled Travis;M
 58,00 ;Divine Coleman;M
 59,00 ;Aayat Beard;F
 60,00 ;Talha Wharton;M
 61,00 ;Marina Watson;F
 62,00 ;Kennedy Halliday;M
 63,00 ;Reo Fleming;F
 64,00 ;Kelise Goldsmith;F
 65,00 ;Manpreet Franks;M
 66,00 ;Oakley Sparks;M
 67,00 ;Robin Wormald;M
 68,00 ;Claudia Haas;F
 69,00 ;Rachael Haynes;F
 70,00 ;Harlan Cross;M
 71,00 ;Liberty Bradley;M
 72,00 ;Shamima Hayden;F
 73,00 ;Caelan Wilder;F
 74,00 ;Myrtle Craft;F
 75,00 ;Niamh Woodard;F
 76,00 ;Alister Parks;M
 77,00 ;Jedd Donnelly;M
 78,00 ;Darcy Webster;M
 79,00 ;Remi Barclay;M
 80,00 ;Artur Holland;M
 81,00 ;Melvin Wheatley;M
 82,00 ;Ritik Pineda;M
 83,00 ;Macauly Sandoval;M
 84,00 ;Sharon Ahmed;F
 85,00 ;Ashanti Farrington;F
 86,00 ;Darlene Lindsay;F
 87,00 ;Omer Atkinson;M
 88,00 ;Paolo Edge;M
 89,00 ;Zayyan Bonner;M
 90,00 ;Sofija Juarez;F
 91,00 ;Marcel Sexton;M
 92,00 ;Aaryan Draper;M
 93,00 ;Jocelyn Barrow;M
 94,00 ;Nimrah Wheatley;F
 95,00 ;Tracy Bains;M
 96,00 ;Kier Sullivan;M
 97,00 ;Stacie Cardenas;F
 98,00 ;Cienna Neale;F
 99,00 ;Tahlia Forster;F
 100,00 ;Cecil Firth;M
 101,00 ;Anas Lucas;M
 102,00 ;Enrico Richmond;M
 103,00 ;Arnas Sierra;M
 104,00 ;Teddie Cochran;M
 105,00 ;Jodi Cantrell;M
 106,00 ;Rahma Schwartz;F
 107,00 ;Lily-Rose Wagner;F
 108,00 ;Jokubas Begum;M
 109,00 ;Marshall Mcgrath;M
 110,00 ;Arnie Frey;M
 111,00 ;Alyx Vincent;M
 112,00 ;Sidrah Flores;F
 113,00 ;Tyler Harrington;M
 114,00 ;Kelvin Malone;M
 115,00 ;Amara Rollins;F
 116,00 ;Andre Lott;M
 117,00 ;Shawn Mcfadden;M
 118,00 ;Santino Fields;M
 119,00 ;Aria Wormald;M
 120,00 ;Honey Mayo;F
 121,00 ;Areeb Zamora;M
 122,00 ;Dominik Guthrie;M
 123,00 ;Gruffydd Harvey;M
 124,00 ;Jonty Vargas;M
 125,00 ;Chay Parry;M
 126,00 ;Lewis Terry;M
 127,00 ;Farhaan Norris;M
 128,00 ;Bryn Ortega;M
 129,00 ;Mujtaba Flowers;M
 130,00 ;Tyson Holder;M
 131,00 ;Pierce Middleton;M
 132,00 ;Huxley Finnegan;M
 133,00 ;Maksim Ramsey;M
 134,00 ;Cherry Burks;F
 135,00 ;Kacper Xiong;M
 136,00 ;Gregor Bruce;M
 137,00 ;Amba Levine;F
 138,00 ;Tristan Bernal;M
 139,00 ;Ophelia Bourne;F
 140,00 ;Elyse Swanson;F
 141,00 ;Romy Byrne;F
 142,00 ;Isaac Swanson;M
 143,00 ;Aydin Briggs;M
 144,00 ;Rita Villarreal;F
 145,00 ;Nell Marshall;F
 146,00 ;Bethany Hutton;F
 147,00 ;Georgia Pearce;F
 148,00 ;Pearce Levy;M
 149,00 ;Atif Hook;M
 150,00 ;Matthias Ellison;M
 151,00 ;Milo Harwood;M
 152,00 ;Huzaifa Nicholson;M
 153,00 ;Ruby-Leigh Howells;F
 154,00 ;Jordan Greenaway;M
 155,00 ;Chandler Sargent;M
 156,00 ;Shantelle Hanson;F
 157,00 ;Charity Clarke;M
 158,00 ;Oluwatobiloba Simon;M
 159,00 ;Franco Cruz;M
 160,00 ;Cayden Levine;M
 161,00 ;Maxwell Bowler;M
 162,00 ;Rose Emery;F
 163,00 ;Mica Portillo;M
 164,00 ;Manuel Farrington;M
 165,00 ;Michael Pittman;M
 166,00 ;Gabriel Dickinson;M
 167,00 ;Aaliyah Franco;F
 168,00 ;Tiernan Barajas;M
 169,00 ;Koa Bowes;M
 170,00 ;Makenzie Houston;M
 171,00 ;Usama Mckee;M
 172,00 ;Nel Ratliff;M
 173,00 ;Charis Roy;F
 174,00 ;Jimmie Mckee;M
 175,00 ;Oran Collier;M
 176,00 ;Yousuf Haas;M
 177,00 ;Bridget Roberson;F
 178,00 ;Rafferty Ramos;M
 179,00 ;Ayat Edwards;M
 180,00 ;Darin Rodriguez;M
 181,00 ;Carrie Kinney;F
 182,00 ;Oskar Hodgson;M
 183,00 ;Kaydon Reeves;M
 184,00 ;Solomon Merritt;M
 185,00 ;Andrea Sheppard;F
 186,00 ;Hussain Knox;M
 187,00 ;Gideon Schultz;M
 188,00 ;Abigale Finney;F
 189,00 ;Misha Ferrell;F
 190,00 ;Christie Booker;M
 191,00 ;Arthur Goff;M
 192,00 ;Neelam Weir;F
 193,00 ;Montel Le;M
 194,00 ;Tyla Peel;M
 195,00 ;Nahla Colley;F
 196,00 ;Josiah Davila;M
 197,00 ;Allen Hammond;M
 198,00 ;Nabeela Broadhurst;F
 199,00 ;Jordana Kearns;F
 200,00 ;Warren Hutchings;M
 201,00 ;Michele Waters;M
 202,00 ;Samson Park;M
 203,00 ;Lianne Morrison;F
 204,00 ;Kuba Evans;M
 205,00 ;Simone Sellers;M
 206,00 ;Eli Mclellan;M
 207,00 ;Emmie Kaufman;F
 208,00 ;Selin Lowry;F
 209,00 ;Emily-Rose Suarez;F
 210,00 ;Zayaan Abbott;M
 211,00 ;Fahmida Mahoney;F
 212,00 ;Kenneth Grey;M
 213,00 ;Amir Howell;M
 214,00 ;Yahya Sumner;M
 215,00 ;Malakai Grey;M
 216,00 ;Tony Ellwood;M
 217,00 ;Alfie-Lee Bush;M
 218,00 ;Daanish Bright;M
 219,00 ;Shamas Hawes;M
 220,00 ;Carl Perez;M
 221,00 ;Albie Beech;M
 222,00 ;Mylie Hill;M
 223,00 ;Korey Dickerson;M
 224,00 ;Tiya Mckeown;F
 225,00 ;Ingrid Moses;M
 226,00 ;Clive Justice;M
 227,00 ;Aarron Rawlings;M
 228,00 ;Marnie Blaese;F
 229,00 ;Firat Robertson;M
 230,00 ;Avleen Chester;F
 231,00 ;Corbin Major;M
 232,00 ;Luella Norman;F
 233,00 ;Dolcie Harrison;F
 234,00 ;Jawad Hensley;M
 235,00 ;Ellouise Regan;F
 236,00 ;Uzma Reid;F
 237,00 ;Rhodri Osborn;M
 238,00 ;Atlas Bryan;M
 239,00 ;Emma-Louise Emerson;F
 240,00 ;Mahnoor Monaghan;F
 241,00 ;Kiya Hills;F
 242,00 ;Zishan Greer;M
 243,00 ;Bernice Cole;F
 244,00 ;Veronica Jaramillo;F
 245,00 ;Danial Weston;M
 246,00 ;Ayoub Rankin;M
 247,00 ;Ainsley Wicks;M
 248,00 ;Teddy Dodd;M
 249,00 ;Isabella Nguyen;F
 250,00 ;Luke Farrow;M
 251,00 ;Sana Guthrie;M
 252,00 ;Eesa Dixon;M
 253,00 ;Dorothy Little;F
 254,00 ;Muhamed Kendall;M
 255,00 ;Jadon Whitaker;M
 256,00 ;Rafi Decker;M
 257,00 ;Devin Bray;F
 258,00 ;Chaim Griffith;M
 259,00 ;Brielle Hartley;F
 260,00 ;Lester Guerra;M
 261,00 ;Hashir Brock;M
 262,00 ;Kierran Davenport;M
 263,00 ;Rajan Sears;M
 264,00 ;Hanna Tyson;F
 265,00 ;Kerrie Daly;F
 266,00 ;Yousif Hilton;M
 267,00 ;Ishaan Dickens;M
 268,00 ;Parris Ward;F
 269,00 ;Tommie Blanchard;M
 270,00 ;Essa Grainger;M
 271,00 ;Sana Davidson;M
 272,00 ;Chaya Miller;F
 273,00 ;Anisah Heath;F
 274,00 ;Tayler Mccallum;M
 275,00 ;Alana Crawford;F
 276,00 ;Tierney Frey;F
 277,00 ;Frankie Stephens;F
 278,00 ;Leo Rojas;M
 279,00 ;Harvir Kouma;M
 280,00 ;Ayaan David;M
 281,00 ;Ben Hartman;M
 282,00 ;Rajveer Pineda;M
 283,00 ;Mali Avery;M
 284,00 ;Mattie Garza;M
 285,00 ;Sanjeev Snider;M
 286,00 ;Paris Sparks;M
 287,00 ;Marcos Mcleod;M
 288,00 ;Jerry Little;M
 289,00 ;Nella Mcpherson;F
 290,00 ;Kerry Draper;F
 291,00 ;Kealan Parkes;M
 292,00 ;Zakariya Millington;M
 293,00 ;Zeynep Parsons;F
 294,00 ;Benito Pace;M
 295,00 ;Tariq Bate;M
 296,00 ;Amir Walters;M
 297,00 ;Katerina Barnes;M
 298,00 ;Maurice Armstrong;M
 299,00 ;Omar Baldwin;M
 300,00 ;Dewi Fox;M